{
	"rootnode": {
		"name": "Cylinder.obj",
		"transformation": [
			1, 0, 0, 0, 0, 1, 0, 0, 0, 0, 1, 0, 0, 0, 0, 1
		],
		"children": [{
			"name": "Cylinder",
			"transformation": [
				1, 0, 0, 0, 0, 1, 0, 0, 0, 0, 1, 0, 0, 0, 0, 1
			],
			"meshes": [
				0
			]
		}]
	},
	"flags": 8,
	"meshes": [{
		"name": "",
		"materialindex": 0,
		"primitivetypes": 4,
		"vertices": [
			49.2404, 8.68241, -100, 50, 0, -100, 0, 0, -100, 49.2404, 8.68241, -100, 49.2404, 8.68241, 100, 50, 0, 100, 50, 0, -100, 49.2404, 8.68241, 100, 0, 0, 100, 50, 0, 100, 46.9846, 17.101, -100, 46.9846, 17.101, -100, 46.9846, 17.101, 100, 46.9846, 17.101, 100, 43.3013, 25, -100, 43.3013, 25, -100, 43.3013, 25, 100, 43.3013, 25, 100, 38.3022, 32.1394, -100, 38.3022, 32.1394, -100, 38.3022, 32.1394, 100, 38.3022, 32.1394, 100, 32.1394, 38.3022, -100, 32.1394, 38.3022, -100, 32.1394, 38.3022, 100, 32.1394, 38.3022, 100, 25, 43.3013, -100, 25, 43.3013, -100, 25, 43.3013, 100, 25, 43.3013, 100, 17.101, 46.9846, -100, 17.101, 46.9846, -100, 17.101, 46.9846, 100, 17.101, 46.9846, 100, 8.68241, 49.2404, -100, 8.68241, 49.2404, -100, 8.68241, 49.2404, 100, 8.68241, 49.2404, 100, 0, 50, -100, 0, 50, -100, 0, 50, 100, 0, 50, 100, -8.68241, 49.2404, -100, -8.68241, 49.2404, -100, -8.68241, 49.2404, 100, -8.68241, 49.2404, 100, -17.101, 46.9846, -100, -17.101, 46.9846, -100, -17.101, 46.9846, 100, -17.101, 46.9846, 100, -25, 43.3013, -100, -25, 43.3013, -100, -25, 43.3013, 100, -25, 43.3013, 100, -32.1394, 38.3022, -100, -32.1394, 38.3022, -100, -32.1394, 38.3022, 100, -32.1394, 38.3022, 100, -38.3022, 32.1394, -100, -38.3022, 32.1394, -100, -38.3022, 32.1394, 100, -38.3022, 32.1394, 100, -43.3013, 25, -100, -43.3013, 25, -100, -43.3013, 25, 100, -43.3013, 25, 100, -46.9846, 17.101, -100, -46.9846, 17.101, -100, -46.9846, 17.101, 100, -46.9846, 17.101, 100, -49.2404, 8.68241, -100, -49.2404, 8.68241, -100, -49.2404, 8.68241, 100, -49.2404, 8.68241, 100, -50, 1e-014, -100, -50, 1e-014, -100, -50, 1e-014, 100, -50, 1e-014, 100, -49.2404, -8.68241, -100, -49.2404, -8.68241, -100, -49.2404, -8.68241, 100, -49.2404, -8.68241, 100, -46.9846, -17.101, -100, -46.9846, -17.101, -100, -46.9846, -17.101, 100, -46.9846, -17.101, 100, -43.3013, -25, -100, -43.3013, -25, -100, -43.3013, -25, 100, -43.3013, -25, 100, -38.3022, -32.1394, -100, -38.3022, -32.1394, -100, -38.3022, -32.1394, 100, -38.3022, -32.1394, 100, -32.1394, -38.3022, -100, -32.1394, -38.3022, -100, -32.1394, -38.3022, 100, -32.1394, -38.3022, 100, -25, -43.3013, -100, -25, -43.3013, -100, -25, -43.3013, 100, -25, -43.3013, 100, -17.101, -46.9846, -100, -17.101, -46.9846, -100, -17.101, -46.9846, 100, -17.101, -46.9846, 100, -8.68241, -49.2404, -100, -8.68241, -49.2404, -100, -8.68241, -49.2404, 100, -8.68241, -49.2404, 100, -1e-014, -50, -100, -1e-014, -50, -100, -1e-014, -50, 100, -1e-014, -50, 100, 8.68241, -49.2404, -100, 8.68241, -49.2404, -100, 8.68241, -49.2404, 100, 8.68241, -49.2404, 100, 17.101, -46.9846, -100, 17.101, -46.9846, -100, 17.101, -46.9846, 100, 17.101, -46.9846, 100, 25, -43.3013, -100, 25, -43.3013, -100, 25, -43.3013, 100, 25, -43.3013, 100, 32.1394, -38.3022, -100, 32.1394, -38.3022, -100, 32.1394, -38.3022, 100, 32.1394, -38.3022, 100, 38.3022, -32.1394, -100, 38.3022, -32.1394, -100, 38.3022, -32.1394, 100, 38.3022, -32.1394, 100, 43.3013, -25, -100, 43.3013, -25, -100, 43.3013, -25, 100, 43.3013, -25, 100, 46.9846, -17.101, -100, 46.9846, -17.101, -100, 46.9846, -17.101, 100, 46.9846, -17.101, 100, 49.2404, -8.68241, -100, 49.2404, -8.68241, -100, 49.2404, -8.68241, 100, 49.2404, -8.68241, 100, 50, 0, -100, 50, 0, 100
		],
		"normals": [
			0, 0, -1, 0, 0, -1, 0, 0, -1, 0.984808, 0.173648, 0, 0.984808, 0.173648, 0, 1, 0, 0, 1, 0, 0, 0, 0, 1, 0, 0, 1, 0, 0, 1, 0, 0, -1, 0.939693, 0.34202, 0, 0.939693, 0.34202, 0, 0, 0, 1, 0, 0, -1, 0.866025, 0.5, 0, 0.866025, 0.5, 0, 0, 0, 1, 0, 0, -1, 0.766044, 0.642788, 0, 0.766044, 0.642788, 0, 0, 0, 1, 0, 0, -1, 0.642788, 0.766044, 0, 0.642788, 0.766044, 0, 0, 0, 1, 0, 0, -1, 0.5, 0.866025, 0, 0.5, 0.866025, 0, 0, 0, 1, 0, 0, -1, 0.34202, 0.939693, 0, 0.34202, 0.939693, 0, 0, 0, 1, 0, 0, -1, 0.173648, 0.984808, 0, 0.173648, 0.984808, 0, 0, 0, 1, 0, 0, -1, 0, 1, 0, 0, 1, 0, 0, 0, 1, 0, 0, -1, -0.173648, 0.984808, 0, -0.173648, 0.984808, 0, 0, 0, 1, 0, 0, -1, -0.34202, 0.939693, 0, -0.34202, 0.939693, 0, 0, 0, 1, 0, 0, -1, -0.5, 0.866025, 0, -0.5, 0.866025, 0, 0, 0, 1, 0, 0, -1, -0.642788, 0.766044, 0, -0.642788, 0.766044, 0, 0, 0, 1, 0, 0, -1, -0.766044, 0.642788, 0, -0.766044, 0.642788, 0, 0, 0, 1, 0, 0, -1, -0.866025, 0.5, 0, -0.866025, 0.5, 0, 0, 0, 1, 0, 0, -1, -0.939693, 0.34202, 0, -0.939693, 0.34202, 0, 0, 0, 1, 0, 0, -1, -0.984808, 0.173648, 0, -0.984808, 0.173648, 0, 0, 0, 1, 0, 0, -1, -1, 0, 0, -1, 0, 0, 0, 0, 1, 0, 0, -1, -0.984808, -0.173648, 0, -0.984808, -0.173648, 0, 0, 0, 1, 0, 0, -1, -0.939693, -0.34202, 0, -0.939693, -0.34202, 0, 0, 0, 1, 0, 0, -1, -0.866025, -0.5, 0, -0.866025, -0.5, 0, 0, 0, 1, 0, 0, -1, -0.766044, -0.642788, 0, -0.766044, -0.642788, 0, 0, 0, 1, 0, 0, -1, -0.642788, -0.766044, 0, -0.642788, -0.766044, 0, 0, 0, 1, 0, 0, -1, -0.5, -0.866025, 0, -0.5, -0.866025, 0, 0, 0, 1, 0, 0, -1, -0.34202, -0.939693, 0, -0.34202, -0.939693, 0, 0, 0, 1, 0, 0, -1, -0.173648, -0.984808, 0, -0.173648, -0.984808, 0, 0, 0, 1, 0, 0, -1, 0, -1, 0, 0, -1, 0, 0, 0, 1, 0, 0, -1, 0.173648, -0.984808, 0, 0.173648, -0.984808, 0, 0, 0, 1, 0, 0, -1, 0.34202, -0.939693, 0, 0.34202, -0.939693, 0, 0, 0, 1, 0, 0, -1, 0.5, -0.866025, 0, 0.5, -0.866025, 0, 0, 0, 1, 0, 0, -1, 0.642788, -0.766044, 0, 0.642788, -0.766044, 0, 0, 0, 1, 0, 0, -1, 0.766044, -0.642788, 0, 0.766044, -0.642788, 0, 0, 0, 1, 0, 0, -1, 0.866025, -0.5, 0, 0.866025, -0.5, 0, 0, 0, 1, 0, 0, -1, 0.939693, -0.34202, 0, 0.939693, -0.34202, 0, 0, 0, 1, 0, 0, -1, 0.984808, -0.173648, 0, 0.984808, -0.173648, 0, 0, 0, 1, 1, 0, 0, 1, 0, 0
		],